{
  "CustomBounds": [
    {
      "BoundName": "Garage",
      "X1": 92,
      "X2": -159.2602996826172,
      "XCoefficients": [
        819.6584023972628,
        -1.0860592485564589
      ],
      "Y1": 20,
      "Y2": 24.5,
      "Z1": -307.5603942871094,
      "Z2": 207.05389404296875,
      "ZCoefficients": [
        856.5211118478155,
        0.8051981284609759
      ]
    },
    {
      "BoundName": "Garage middle",
      "X1": -194.88270568847656,
      "X2": 99.96604919433594,
      "XCoefficients": [
        819.6584023972628,
        -1.0860592485564589
      ],
      "Y1": 21.325439453125,
      "Y2": 25,
      "Z1": -184.56039428710938,
      "Z2": 88.83038330078125,
      "ZCoefficients": [
        856.5211118478155,
        0.8051981284609759
      ]
    },
    {
      "BoundName": "Upper Level",
      "X1": 112.01190185546875,
      "X2": -75.83968353271484,
      "XCoefficients": [
        1264.1314273913645,
        -1.6510893765490342
      ],
      "Y1": 34.249900817871094,
      "Y2": 60,
      "Z1": -181.87109375,
      "Z2": 73.37818145751953,
      "ZCoefficients": [
        787.2493187556661,
        1.2546925917433116
      ]
    }
  ],
  "MapIdentifier": "interchange",
  "MapImageFile": "interchange.jpg",
  "MapName": "Interchange",
  "MapRotation": 0,
  "MarkerScale": 0.3,
  "XCoefficients": [
    1086.1580789315678,
    -0.8243497136333374
  ],
  "ZCoefficients": [
    299.93452496693396,
    0.6212114959830827
  ]
}