{
  "CustomBounds": [
    {
      "BoundName": "Level 2",
      "X1": -300,
      "X2": -91,
      "XCoefficients": [
        352.72120604858867,
        -2.770661144311869,
        0.0001319481379185805,
        2.5452253795064543E-07
      ],
      "Y1": 2.421376943588257,
      "Y2": 999,
      "Z1": -462.356689453125,
      "Z2": -208,
      "ZCoefficients": [
        1890.658322556828,
        3.051794290042022,
        2.567028355315008E-06,
        2.1627595536148235E-08
      ]
    },
    {
      "BoundName": "Technical Level",
      "X1": -291.8347930908203,
      "X2": -90.92449951171875,
      "XCoefficients": [
        800.9443031077373,
        -2.168370731136196
      ],
      "Y1": -2.04,
      "Y2": -100,
      "Z1": -461.139892578125,
      "Z2": -210.22750854492188,
      "ZCoefficients": [
        1154.2169494388172,
        2.70072994536338
      ]
    }
  ],
  "MapIdentifier": "laboratory",
  "MapImageFile": "labs.jpg",
  "MapName": "Labs",
  "MapRotation": -90,
  "MarkerScale": 0.4,
  "XCoefficients": [
    436.4390372309595,
    -2.031262136570052,
    5.080440598056451E-08,
    3.101934689768885E-08
  ],
  "ZCoefficients": [
    794.9050932960854,
    0.23209755140017263,
    -0.005914858828390562,
    -5.838619157569601E-06
  ]
}