{
  "CustomBounds": [
    {
      "BoundName": "Underground South",
      "X1": -40,
      "X2": -167.2637939453125,
      "XCoefficients": [
        1445.2368713777835,
        -1.3721497217580028
      ],
      "Y1": -99,
      "Y2": -8,
      "Z1": 177.83839416503906,
      "Z2": -44,
      "ZCoefficients": [
        405.8143214706249,
        1.384530538435362
      ]
    },
    {
      "BoundName": "Udnerground South Tower",
      "X1": -18.35317039489746,
      "X2": -62.51811981201172,
      "XCoefficients": [
        1445.2368713777835,
        -1.3721497217580028
      ],
      "Y1": -100,
      "Y2": 16,
      "Z1": 168.1667022705078,
      "Z2": 173.4322967529297,
      "ZCoefficients": [
        405.8143214706249,
        1.384530538435362
      ]
    },
    {
      "BoundName": "Underground North",
      "X1": 125.6968994140625,
      "X2": 20.721790313720703,
      "XCoefficients": [
        1454.1116532094945,
        -1.3972875641996803
      ],
      "Y1": -19.542710304260254,
      "Y2": -9.757425308227539,
      "Z1": -34.905818939208984,
      "Z2": -195.79150390625,
      "ZCoefficients": [
        643.5790631514401,
        1.3555705503156388
      ]
    },
    {
      "BoundName": "Underground north upper",
      "X1": 73.9233169555664,
      "X2": 22.26180076599121,
      "XCoefficients": [
        1471.6002128231967,
        -1.3916234799024527
      ],
      "Y1": -10.629070281982422,
      "Y2": -4.616614818572998,
      "Z1": -151.59060668945312,
      "Z2": -194.43890380859375,
      "ZCoefficients": [
        565.6216704013591,
        1.306736485620897
      ]
    }
  ],
  "MapIdentifier": "rezervbase",
  "MapImageFile": "reserve.jpg",
  "MapName": "Reserve",
  "MapRotation": 0,
  "MarkerScale": 0.5,
  "XCoefficients": [
    856.6590582998022,
    -1.4017195957976036
  ],
  "ZCoefficients": [
    501.9073068315514,
    1.4054317642706222
  ]
}