{
  "CustomBounds": [
    {
      "BoundName": "Shopping Mall 2F",
      "X1": -12.298529624938965,
      "X2": -171.99209594726562,
      "XCoefficients": [
        1216.2550256883017,
        -1.2474499255690847,
        -0.00022341207191997083,
        -1.0513192621541663E-06
      ],
      "Y1": 2.85021710395813,
      "Y2": 7.337216854095459,
      "Z1": 5.396671772003174,
      "Z2": -127.14179992675781,
      "ZCoefficients": [
        169.22925708292536,
        1.2866659400565514,
        0.00011255806629243327,
        8.725584802858094E-07
      ]
    },
    {
      "BoundName": "Shopping Mall 3F East",
      "X1": -91.3,
      "X2": -171.99,
      "XCoefficients": [
        1224.1375719849348,
        -1.1676053132360842,
        -3.775017682836073E-05,
        -8.241810529583784E-08
      ],
      "Y1": 6.755075931549072,
      "Y2": 12.598552703857422,
      "Z1": 5.4,
      "Z2": -127.14,
      "ZCoefficients": [
        213.78798517683322,
        1.1803590616281456,
        1.9242498415439764E-06,
        2.2429665837051993E-08
      ]
    },
    {
      "BoundName": "Shopping Mall 3F West",
      "X1": -12.3,
      "X2": -95.99000000000001,
      "XCoefficients": [
        1206.2793116891273,
        -1.2108668355593617,
        -0.00011324421120046033,
        -1.094494708497956E-06
      ],
      "Y1": 7.337215900421143,
      "Y2": 12.598464012145996,
      "Z1": 5.4,
      "Z2": -127.14,
      "ZCoefficients": [
        247.96898347169122,
        1.3016137607217755,
        2.4945802978567572E-05,
        1.2741203187047176E-07
      ]
    }
  ],
  "MapIdentifier": "TarkovStreets",
  "MapImageFile": "streets_of_tarkov.jpg",
  "MapName": "Streets Of Tarkov",
  "MapRotation": 0,
  "XCoefficients": [
    1101.5468096864518,
    -1.229955154681693,
    -7.831276998236402E-06,
    1.5811164369848226E-08
  ],
  "ZCoefficients": [
    312.7091079880301,
    1.2297994435741713,
    8.996062905782486E-07,
    -6.580830026609932E-09
  ],
  "MarkerScale": 0.5
}