{
  "MapName": "Customs Loot",
  "MapImageFile": "customs_loot_map.png",
  "MapRotation": 0,
  "XCoefficients": [
    2680.8426622120596,
    -3.885004772598384
  ],
  "ZCoefficients": [
    1033.747687310857,
    -3.9946857572441203
  ],
  "bounds": [ 0, 0, 4097, 2142 ],
  "initialZoom": 3
}