{
  "MapName": "Customs Loot",
  "MapImageFile": "modified_customs_map.webp",
  "MapRotation": 0,
  "XCoefficients": [
    3590.1831004603087,
    -4.67608943320569
  ],
  "ZCoefficients": [
    1247.4560571623392,
    -4.780548239863608
  ],
  "bounds": [ 0, 0, 5387, 2586 ],
  "initialZoom": 3
}