{
  "MapName": "Customs Loot",
  "MapImageFile": "customs_loot_map.webp",
  "MapRotation": 0,
  "XCoefficients": [
    2732.9161506786527,
    -3.5663081181666576
  ],
  "ZCoefficients": [
    1032.361207609253,
    -3.9093873291430583
  ],
  "bounds": [ 0, 0, 4097, 2142 ],
  "initialZoom": 3
}