{
  "MapName": "Interchange",
  "MapImageFile": "interchange_map_modified.png",
  "MapRotation": 0,
  "XCoefficients": [
    2207.0466279693674,
    -4.0354940505471735
  ],
  "ZCoefficients": [
    1241.4215545544469,
    -3.024349431071123
  ],
  "InteriorFloor2XCoefficients": [
    3749.241922164323,
    -4.8580938330422425
  ],
  "InteriorFloor2ZCoefficients": [
    1243.8646222369562,
    -3.640703282748387
  ],
  "ParkingGarageXCoefficients": [
    377.6502204671253,
    -3.2054914562453636
  ],
  "ParkingGarageZCoefficients": [
    638.6826838004788,
    -2.3914987189432155
  ],
  "bounds": [ 0, 0, 4190, 2704 ],
  "initialZoom": 3
}