{
  "MapName": "Factory",
  "MapImageFile": "map_not_implemented.webp",
  "MapRotation": 0,
  "XCoefficients": [
    3562.6225441386364,
    6.805260888915667
  ],
  "ZCoefficients": [
    1493.926420016474,
    -4.245237032551324
  ],
  "bounds": [ 0, 0, 600, 400 ],
  "initialZoom": 3
}