{
  "MapName": "Shoreline",
  "MapImageFile": "shoreline_map.webp",
  "MapRotation": 0,
  "XCoefficients": [
    1805.7042893063785,
    -3.3843382417716645
  ],
  "ZCoefficients": [
    2056.5993628473566,
    -3.302461486951288
  ],
  "bounds": [ 0, 0, 6668, 4567 ],
  "initialZoom": 3
}