{
  "MapName": "Streets Of Tarkov",
  "MapImageFile": "streets_of_tarkov_map.webp",
  "MapRotation": 0,
  "XCoefficients": [
    4197.661354206046,
    -6.144540226440713
  ],
  "ZCoefficients": [
    3793.4236435407015,
    -6.159675146789232
  ],
  "bounds": [ 0, 0, 7620, 5877 ],
  "initialZoom": 3
}