{
  "MapName": "Streets Of Tarkov",
  "MapImageFile": "streets_of_tarkov_map_3.7.0.webp",
  "MapRotation": 0,
  "XCoefficients": [
    3603.684637862307,
    -5.275692753940095
  ],
  "ZCoefficients": [
    3106.2785491440463,
    -5.032259429266355
  ],
  "bounds": [ 0, 0, 6539, 4394 ],
  "initialZoom": 3
}